Source,Date,Author,Comment,Result
1A0MMi1gTcI,10-10-2021,‡∏ù‡∏±‡∏ô‡∏î‡∏µ‡∏Ñ‡∏±‡∏ö‡∏ô‡πâ‡∏≠‡∏á,‡∏•‡∏≠‡∏á‡πÄ‡∏Ç‡πâ‡∏≤‡∏õ‡πà‡∏≤‡πÑ‡∏î‡πâ‡∏°‡∏±‡πâ‡∏¢‡∏Ñ‡∏±‡∏ö‡∏≠‡∏¢‡∏≤‡∏Å‡∏î‡∏π,Neutral
1A0MMi1gTcI,09-10-2021,‡∏ò‡∏µ‡∏£‡∏†‡∏±‡∏ó‡∏£ ‡∏ö‡∏∏‡∏ç‡∏ä‡∏π,‡πÄ‡∏°‡πá‡∏î‡∏™‡πâ‡∏°‡πÄ‡∏•‡πà‡∏ô‡πÅ‡∏ö‡∏ö‡∏ô‡∏µ‡πâ‡∏´‡∏£‡∏≠5 ‡∏ä‡∏≠‡∏ö‡πÜ,Positive
1A0MMi1gTcI,09-10-2021,‡∏ò‡∏µ‡∏£‡∏†‡∏±‡∏ó‡∏£ ‡∏ö‡∏∏‡∏ç‡∏ä‡∏π,‡∏û‡∏π‡∏î‡∏ä‡∏±‡∏î‡πÜ ‡∏ä‡πâ‡∏≤‡πÜ ‡πÄ‡∏£‡∏µ‡∏¢‡∏ö‡πÄ‡∏£‡∏µ‡∏¢‡∏á‡∏Ç‡πâ‡∏≠‡∏Ñ‡∏ß‡∏≤‡∏° ‡∏à‡∏∞‡∏ô‡πà‡∏≤‡∏î‡∏π‡∏°‡∏≤‡∏Å,Negative
1A0MMi1gTcI,08-10-2021,DoubleN,‡∏û‡∏µ‡πà‡πÄ‡∏õ‡πá‡∏ô‡∏Ñ‡∏ô‡∏ó‡∏µ‡πà‡πÄ‡∏•‡πà‡∏ô‡∏ï‡∏≤‡πÑ‡∏ä‡∏¢ ‡πÇ‡∏´‡∏î‡∏™‡∏∏‡∏î‡∏•‡∏∞,Positive
1A0MMi1gTcI,07-10-2021,Assadawut Sangchai,‡∏ô‡∏µ‡πâ‡∏´‡∏£‡∏∑‡∏≠‡∏Ñ‡∏∑‡∏≠‡πÇ‡∏£‡∏°,Neutral
1A0MMi1gTcI,01-10-2021,INTENTION CH,‡∏û‡∏µ‡πà‡∏Ñ‡∏£‡∏±‡∏ö‡∏õ‡∏¥‡∏î‡∏õ‡πâ‡∏≠‡∏°‡∏Å‡∏±‡∏ö‡∏ü‡∏¥‡∏Å‡πÄ‡∏Å‡∏≠‡∏£‡πå‡∏≠‡∏±‡∏ô‡πÑ‡∏´‡∏ô‡∏î‡∏µ‡∏Å‡∏ß‡πà‡∏≤‡∏Ñ‡∏£‡∏±‡∏ö,Neutral
1A0MMi1gTcI,25-09-2021,Dawwadeung,‡∏Ñ‡∏•‡∏¥‡∏õ‡∏î‡∏µ‡∏°‡∏≤‡∏Å‡∏Ñ‡∏£‡∏±‡∏ö ‡∏ï‡∏¥‡∏î‡∏≠‡∏¢‡πà‡∏≤‡∏á‡πÄ‡∏î‡∏µ‡∏¢‡∏ß‡πÄ‡∏•‡∏¢‡∏û‡∏π‡∏î‡πÄ‡∏£‡πá‡∏ß‡πÑ‡∏õ‡∏´‡∏ô‡πà‡∏≠‡∏¢‡πÅ‡∏•‡πâ‡∏ß‡πÑ‡∏°‡πà‡∏Ñ‡πà‡∏≠‡∏¢‡∏ä‡∏±‡∏î‡πÄ‡∏à‡∏ô‡∏ü‡∏±‡∏á‡πÑ‡∏°‡πà‡∏ó‡∏±‡∏ô.,Neutral
1A0MMi1gTcI,24-09-2021,‡∏Å‡∏≤‡∏ô Adr,‡∏≠‡∏ò‡∏¥‡∏ö‡∏≤‡∏¢‡∏î‡∏µ‡∏Ñ‡∏£‡∏±‡∏ö,Positive
1A0MMi1gTcI,19-09-2021,K Rov. Highlights,‡∏ä‡πà‡∏≠‡∏á‡∏î‡∏µ‡∏°‡∏≤‡∏Å‡∏Å ‡∏Ñ‡∏∏‡∏ì‡∏†‡∏≤‡∏û‡∏Ñ‡∏£‡∏±‡∏öüíñ,Positive
1A0MMi1gTcI,18-09-2021,‡∏≠‡∏¢‡∏≤‡∏Å‡πÇ‡∏î‡∏ô ‡∏ä‡πâ‡∏≠‡∏ô‡πÅ‡∏Å‡∏á‡∏≠‡∏∞‡∏Ñ‡πâ‡∏≤‡∏ö,‡∏ú‡∏°‡∏Å‡∏≥‡∏•‡∏±‡∏á‡∏´‡∏±‡∏î Tachi ‡∏≠‡∏¢‡∏∏‡πà‡∏û‡∏≠‡∏î‡∏µ‡πÄ‡∏•‡∏¢‡πÄ‡∏•‡πà‡∏ô‡∏¢‡∏≤‡∏Å‡∏ô‡∏¥‡∏î‡∏ô‡∏∂‡∏á‡πÅ‡∏ï‡πà‡πÑ‡∏°‡πà‡∏¢‡∏≤‡∏Å‡πÄ‡∏Å‡∏¥‡∏ô‡πÑ‡∏õ,Neutral
1A0MMi1gTcI,17-09-2021,Len Lojen,‡πÄ‡∏ß‡∏•‡∏≤‡πÄ‡∏•‡πà‡∏ôtachi‡∏£‡∏π‡πâ‡∏™‡∏∂‡∏Å‡∏ß‡πà‡∏≤‡πÄ‡∏Å‡πà‡∏á‡∏≠‡∏¢‡∏π‡πà‡∏Ñ‡∏ô‡πÄ‡∏î‡∏µ‡∏¢‡∏ß‡∏°‡∏±‡πâ‡∏¢‡∏Ñ‡∏£‡∏±‡∏ö ‡∏ú‡∏°‡πÄ‡∏õ‡πá‡∏ô‡∏ö‡πà‡∏≠‡∏¢‡∏°‡∏≤‡∏ÅMVP‡∏ï‡∏•‡∏≠‡∏î ‡πÄ‡πÄ‡∏ï‡πà‡∏™‡πà‡∏ß‡∏ô‡πÉ‡∏´‡∏ç‡πà‡∏à‡∏∞‡πÄ‡∏õ‡πá‡∏ôMVP‡πÄ‡πÄ‡∏û‡πâ5,Neutral
1A0MMi1gTcI,17-09-2021,Sorawit Kawsomnugk,‡∏õ‡∏£‡∏±‡∏ö‡∏†‡∏≤‡∏û‡∏Å‡∏£‡∏≤‡∏ü‡∏ü‡∏¥‡∏Å‡πÉ‡∏´‡πâ‡∏™‡∏ß‡∏¢‡∏Å‡∏ß‡πà‡∏≤‡∏ô‡∏µ‡πâ‡∏Ñ‡∏•‡∏¥‡∏õ‡∏à‡∏∞‡∏ô‡πà‡∏≤‡∏î‡∏π‡∏°‡∏≤‡∏Å‡∏Ñ‡∏£‡∏±‡∏ö,Positive
1A0MMi1gTcI,16-09-2021,_thxz_,‡∏Å‡∏≥‡∏•‡∏±‡∏á‡∏ï‡∏¥‡∏î‡πÄ‡∏•‡πà‡∏ô‡∏ï‡∏±‡∏ß‡∏ô‡∏µ‡πâ‡∏û‡∏≠‡∏î‡∏µ‡∏™‡∏≠‡∏ô‡∏î‡∏µ‡∏°‡∏≤‡∏Å‡∏Ñ‡∏£‡∏±‡∏ö,Positive
1A0MMi1gTcI,14-09-2021,Apicha thanlangsri,‚úå,Neutral
1A0MMi1gTcI,14-09-2021,Kaew Only,‡∏ä‡πà‡∏≠‡∏á‡∏î‡∏µ‡πÜ‡πÅ‡∏ö‡∏ö‡∏ô‡∏µ‡πâ‡∏ï‡∏¥‡∏î‡∏ï‡∏≤‡∏°‡πÄ‡∏•‡∏¢‡∏Ñ‡∏£‡∏±‡∏ö,Positive
1A0MMi1gTcI,11-09-2021,xNOEYKUNGz,‡πÄ‡∏û‡∏¥‡πà‡∏°‡πÄ‡∏ï‡∏¥‡∏°‡πÉ‡∏´‡πâ‡∏≠‡∏µ‡∏Å‡∏≠‡∏¢‡πà‡∏≤‡∏á‡∏Ñ‡∏£‡∏±‡∏ö ‡∏ó‡∏≤‡∏ä‡∏¥‡πÇ‡∏£‡∏°‡∏ï‡πâ‡∏≠‡∏á‡∏Ñ‡∏π‡πà‡∏Å‡∏±‡∏ö‡πÄ‡πÄ‡∏Ñ‡∏£‡∏µ‡πà‡∏ó‡∏µ‡πà‡∏°‡∏±‡∏ô‡∏î‡∏π‡πÄ‡πÄ‡∏•‡∏ï‡∏±‡∏ß‡πÄ‡∏≠‡∏á‡πÑ‡∏î‡πâ ‡πÄ‡∏ó‡∏•‡∏á‡∏µ‡πâ ‡∏¢‡∏≠‡∏ô‡∏á‡∏µ‡πâ ‡∏ï‡∏≤‡∏¢‡∏¢‡∏±‡∏ö55,Neutral
1A0MMi1gTcI,10-09-2021,meenoizsoez,‡∏ó‡∏≤‡∏ä‡∏¥‡πÇ‡∏£‡∏°‡πÉ‡∏ä‡πâ‡∏™‡∏Å‡∏¥‡∏•‡∏£‡∏≠‡∏á‡πÄ‡∏ó‡πâ‡∏≤‡∏´‡∏£‡∏∑‡∏≠‡∏ü‡∏¥‡∏Å‡πÄ‡∏Å‡∏≠‡∏£‡πå ‡∏≠‡∏±‡∏ô‡πÑ‡∏´‡∏ô‡∏î‡∏µ‡∏Å‡∏ß‡πà‡∏≤‡∏Å‡∏±‡∏ô‡∏Ñ‡∏£‡∏±‡∏ö‡πÅ‡∏ï‡πà‡∏•‡∏∞‡∏≠‡∏±‡∏ô‡∏Ñ‡∏ß‡∏£‡πÄ‡∏•‡∏∑‡∏≠‡∏Å‡πÉ‡∏ä‡πâ‡πÉ‡∏ô‡πÄ‡∏Å‡∏°‡πÄ‡πÄ‡∏ö‡∏ö‡πÑ‡∏´‡∏ô‡∏Ñ‡∏£‡∏±‡∏ö,Neutral
1A0MMi1gTcI,09-09-2021,Kom Tat,16:21 ‡∏ó‡∏≤‡πÇ‡∏Å‡∏∞‡∏¢‡∏≤‡∏Å‡∏¥ 5,Neutral
1A0MMi1gTcI,09-09-2021,Bank NT,‡πÄ‡∏Å‡πá‡∏ö‡∏™‡πÅ‡∏ï‡πá‡∏Ñ‡πÄ‡∏Å‡πà‡∏á‡∏°‡∏≤‡∏Å ‡∏Å‡∏ß‡πà‡∏≤‡∏ú‡∏°‡∏à‡∏∞‡πÄ‡∏Å‡πá‡∏ö‡∏Ñ‡∏£‡∏ö‡πÄ‡∏•‡∏∑‡∏≠‡∏î‡πÄ‡∏´‡∏•‡∏∑‡∏≠10% ‡πÄ‡∏•‡∏¢‡πÄ‡∏õ‡∏¥‡∏î‡∏î‡πâ‡∏ß‡∏¢‡∏≠‡∏±‡∏•‡∏ï‡∏¥‡∏ã‡∏∞‡πÄ‡∏•‡∏¢55,Positive
1A0MMi1gTcI,09-09-2021,Nyarumi Rukimi,Fc ‡∏Ñ‡∏£‡∏±‡∏ö ‡∏û‡∏µ‡πà‡πÄ‡∏ä‡∏™,Positive
